"Gene_Name"	"AA_alt"	"sample"	"DP"	"AD_alt"	"AF"	"lineage"
"ORF1a"	"A1306S"	"sample.freebayes.ann"	18	18	1	"AY.1"
"ORF1a"	"P2046L"	"sample.freebayes.ann"	12	12	1	"AY.1"
"ORF1a"	"T3255I"	"sample.freebayes.ann"	2	2	1	"AY.1"
"ORF1a"	"T3646A"	"sample.freebayes.ann"	6	6	1	"AY.1"
"S"	"T19R"	"sample.freebayes.ann"	6	6	1	"AY.1"
"S"	"K417N"	"sample.freebayes.ann"	8	8	1	"AY.1"
"S"	"ST477NK"	"sample.freebayes.ann"	13	13	1	"AY.1"
"S"	"D614G"	"sample.freebayes.ann"	4	4	1	"AY.1"
"M"	"I82T"	"sample.freebayes.ann"	0	0	0	"AY.1"
"N"	"D63G"	"sample.freebayes.ann"	0	0	0	"AY.1"
"N"	"R203M"	"sample.freebayes.ann"	0	0	0	"AY.1"
"N"	"G215C"	"sample.freebayes.ann"	0	0	0	"AY.1"
"N"	"D377Y"	"sample.freebayes.ann"	0	0	0	"AY.1"
"ORF1a"	"P2287S"	"sample.freebayes.ann"	0	0	0	"AY.1"
"ORF1a"	"V2930L"	"sample.freebayes.ann"	0	0	0	"AY.1"
"ORF1b"	"P314L"	"sample.freebayes.ann"	0	0	0	"AY.1"
"ORF1b"	"G662S"	"sample.freebayes.ann"	0	0	0	"AY.1"
"ORF1b"	"P1000L"	"sample.freebayes.ann"	0	0	0	"AY.1"
"ORF1b"	"A1918V"	"sample.freebayes.ann"	0	0	0	"AY.1"
"ORF3a"	"S26L"	"sample.freebayes.ann"	0	0	0	"AY.1"
"ORF7a"	"V82A"	"sample.freebayes.ann"	0	0	0	"AY.1"
"ORF7a"	"T120I"	"sample.freebayes.ann"	0	0	0	"AY.1"
"ORF7b"	"T40I"	"sample.freebayes.ann"	0	0	0	"AY.1"
"ORF8"	"D119I"	"sample.freebayes.ann"	0	0	0	"AY.1"
"ORF8"	"del120/121"	"sample.freebayes.ann"	0	0	0	"AY.1"
"S"	"E156G"	"sample.freebayes.ann"	0	0	0	"AY.1"
"S"	"del157/158"	"sample.freebayes.ann"	0	0	0	"AY.1"
"S"	"W258L"	"sample.freebayes.ann"	0	0	0	"AY.1"
"S"	"L452R"	"sample.freebayes.ann"	0	0	0	"AY.1"
"S"	"P681R"	"sample.freebayes.ann"	0	0	0	"AY.1"
"S"	"D950N"	"sample.freebayes.ann"	0	0	0	"AY.1"
"S"	"T19R"	"sample.freebayes.ann"	6	6	1	"AY.2"
"S"	"K417N"	"sample.freebayes.ann"	8	8	1	"AY.2"
"S"	"ST477NK"	"sample.freebayes.ann"	13	13	1	"AY.2"
"S"	"D614G"	"sample.freebayes.ann"	4	4	1	"AY.2"
"M"	"I82T"	"sample.freebayes.ann"	0	0	0	"AY.2"
"N"	"D63G"	"sample.freebayes.ann"	0	0	0	"AY.2"
"N"	"R203M"	"sample.freebayes.ann"	0	0	0	"AY.2"
"N"	"D377Y"	"sample.freebayes.ann"	0	0	0	"AY.2"
"ORF1a"	"A1146T"	"sample.freebayes.ann"	0	0	0	"AY.2"
"ORF1a"	"P1640L"	"sample.freebayes.ann"	0	0	0	"AY.2"
"ORF1a"	"A3209V"	"sample.freebayes.ann"	0	0	0	"AY.2"
"ORF1a"	"V3718A"	"sample.freebayes.ann"	0	0	0	"AY.2"
"ORF1a"	"T3750I"	"sample.freebayes.ann"	0	0	0	"AY.2"
"ORF1b"	"P314L"	"sample.freebayes.ann"	0	0	0	"AY.2"
"ORF1b"	"G662S"	"sample.freebayes.ann"	0	0	0	"AY.2"
"ORF1b"	"P1000L"	"sample.freebayes.ann"	0	0	0	"AY.2"
"ORF1b"	"T1290I"	"sample.freebayes.ann"	0	0	0	"AY.2"
"ORF3a"	"S26L"	"sample.freebayes.ann"	0	0	0	"AY.2"
"ORF7a"	"V82A"	"sample.freebayes.ann"	0	0	0	"AY.2"
"ORF7a"	"T120I"	"sample.freebayes.ann"	0	0	0	"AY.2"
"ORF8"	"D119I"	"sample.freebayes.ann"	0	0	0	"AY.2"
"ORF8"	"del120/121"	"sample.freebayes.ann"	0	0	0	"AY.2"
"S"	"V70F"	"sample.freebayes.ann"	0	0	0	"AY.2"
"S"	"E156G"	"sample.freebayes.ann"	0	0	0	"AY.2"
"S"	"del157/158"	"sample.freebayes.ann"	0	0	0	"AY.2"
"S"	"A222V"	"sample.freebayes.ann"	0	0	0	"AY.2"
"S"	"L452R"	"sample.freebayes.ann"	0	0	0	"AY.2"
"S"	"P681R"	"sample.freebayes.ann"	0	0	0	"AY.2"
"S"	"D950N"	"sample.freebayes.ann"	0	0	0	"AY.2"
"ORF1a"	"A1306S"	"sample.freebayes.ann"	18	18	1	"AY.3.1"
"ORF1a"	"P2046L"	"sample.freebayes.ann"	12	12	1	"AY.3.1"
"ORF1a"	"T3255I"	"sample.freebayes.ann"	2	2	1	"AY.3.1"
"ORF1a"	"T3646A"	"sample.freebayes.ann"	6	6	1	"AY.3.1"
"S"	"T19R"	"sample.freebayes.ann"	6	6	1	"AY.3.1"
"S"	"ST477NK"	"sample.freebayes.ann"	13	13	1	"AY.3.1"
"S"	"D614G"	"sample.freebayes.ann"	4	4	1	"AY.3.1"
"M"	"I82T"	"sample.freebayes.ann"	0	0	0	"AY.3.1"
"N"	"D63G"	"sample.freebayes.ann"	0	0	0	"AY.3.1"
"N"	"R203M"	"sample.freebayes.ann"	0	0	0	"AY.3.1"
"N"	"G215C"	"sample.freebayes.ann"	0	0	0	"AY.3.1"
"N"	"D377Y"	"sample.freebayes.ann"	0	0	0	"AY.3.1"
"ORF1a"	"D1127Y"	"sample.freebayes.ann"	0	0	0	"AY.3.1"
"ORF1a"	"P2287S"	"sample.freebayes.ann"	0	0	0	"AY.3.1"
"ORF1a"	"V2930L"	"sample.freebayes.ann"	0	0	0	"AY.3.1"
"ORF1a"	"I3731V"	"sample.freebayes.ann"	0	0	0	"AY.3.1"
"ORF1b"	"P314L"	"sample.freebayes.ann"	0	0	0	"AY.3.1"
"ORF1b"	"G662S"	"sample.freebayes.ann"	0	0	0	"AY.3.1"
"ORF1b"	"P1000L"	"sample.freebayes.ann"	0	0	0	"AY.3.1"
"ORF1b"	"H1550Y"	"sample.freebayes.ann"	0	0	0	"AY.3.1"
"ORF1b"	"A1918V"	"sample.freebayes.ann"	0	0	0	"AY.3.1"
"ORF3a"	"S26L"	"sample.freebayes.ann"	0	0	0	"AY.3.1"
"ORF7a"	"V82A"	"sample.freebayes.ann"	0	0	0	"AY.3.1"
"ORF7a"	"T120I"	"sample.freebayes.ann"	0	0	0	"AY.3.1"
"ORF7b"	"T40I"	"sample.freebayes.ann"	0	0	0	"AY.3.1"
"ORF8"	"D119I"	"sample.freebayes.ann"	0	0	0	"AY.3.1"
"ORF8"	"del120/121"	"sample.freebayes.ann"	0	0	0	"AY.3.1"
"S"	"E156G"	"sample.freebayes.ann"	0	0	0	"AY.3.1"
"S"	"del157/158"	"sample.freebayes.ann"	0	0	0	"AY.3.1"
"S"	"L452R"	"sample.freebayes.ann"	0	0	0	"AY.3.1"
"S"	"P681R"	"sample.freebayes.ann"	0	0	0	"AY.3.1"
"S"	"D950N"	"sample.freebayes.ann"	0	0	0	"AY.3.1"
"ORF1a"	"A1306S"	"sample.freebayes.ann"	18	18	1	"AY.3"
"ORF1a"	"P2046L"	"sample.freebayes.ann"	12	12	1	"AY.3"
"ORF1a"	"T3255I"	"sample.freebayes.ann"	2	2	1	"AY.3"
"ORF1a"	"T3646A"	"sample.freebayes.ann"	6	6	1	"AY.3"
"S"	"T19R"	"sample.freebayes.ann"	6	6	1	"AY.3"
"S"	"ST477NK"	"sample.freebayes.ann"	13	13	1	"AY.3"
"S"	"D614G"	"sample.freebayes.ann"	4	4	1	"AY.3"
"M"	"I82T"	"sample.freebayes.ann"	0	0	0	"AY.3"
"N"	"D63G"	"sample.freebayes.ann"	0	0	0	"AY.3"
"N"	"R203M"	"sample.freebayes.ann"	0	0	0	"AY.3"
"N"	"G215C"	"sample.freebayes.ann"	0	0	0	"AY.3"
"N"	"D377Y"	"sample.freebayes.ann"	0	0	0	"AY.3"
"ORF1a"	"P2287S"	"sample.freebayes.ann"	0	0	0	"AY.3"
"ORF1a"	"V2930L"	"sample.freebayes.ann"	0	0	0	"AY.3"
"ORF1a"	"I3731V"	"sample.freebayes.ann"	0	0	0	"AY.3"
"ORF1b"	"P314L"	"sample.freebayes.ann"	0	0	0	"AY.3"
"ORF1b"	"G662S"	"sample.freebayes.ann"	0	0	0	"AY.3"
"ORF1b"	"P1000L"	"sample.freebayes.ann"	0	0	0	"AY.3"
"ORF1b"	"A1918V"	"sample.freebayes.ann"	0	0	0	"AY.3"
"ORF3a"	"S26L"	"sample.freebayes.ann"	0	0	0	"AY.3"
"ORF7a"	"V82A"	"sample.freebayes.ann"	0	0	0	"AY.3"
"ORF7a"	"T120I"	"sample.freebayes.ann"	0	0	0	"AY.3"
"ORF7b"	"T40I"	"sample.freebayes.ann"	0	0	0	"AY.3"
"ORF8"	"D119I"	"sample.freebayes.ann"	0	0	0	"AY.3"
"ORF8"	"del120/121"	"sample.freebayes.ann"	0	0	0	"AY.3"
"S"	"E156G"	"sample.freebayes.ann"	0	0	0	"AY.3"
"S"	"del157/158"	"sample.freebayes.ann"	0	0	0	"AY.3"
"S"	"L452R"	"sample.freebayes.ann"	0	0	0	"AY.3"
"S"	"P681R"	"sample.freebayes.ann"	0	0	0	"AY.3"
"S"	"D950N"	"sample.freebayes.ann"	0	0	0	"AY.3"
"N"	"RG203KR"	"sample.freebayes.ann"	3	3	1	"B.1.1.7"
"S"	"N501Y"	"sample.freebayes.ann"	3	3	1	"B.1.1.7"
"S"	"D614G"	"sample.freebayes.ann"	4	4	1	"B.1.1.7"
"N"	"D3L"	"sample.freebayes.ann"	0	0	0	"B.1.1.7"
"N"	"S235F"	"sample.freebayes.ann"	0	0	0	"B.1.1.7"
"ORF1a"	"T1001I"	"sample.freebayes.ann"	0	0	0	"B.1.1.7"
"ORF1a"	"A1708D"	"sample.freebayes.ann"	0	0	0	"B.1.1.7"
"ORF1a"	"I2230T"	"sample.freebayes.ann"	0	0	0	"B.1.1.7"
"ORF1a"	"S3675K"	"sample.freebayes.ann"	0	0	0	"B.1.1.7"
"ORF1a"	"del3676/3678"	"sample.freebayes.ann"	0	0	0	"B.1.1.7"
"ORF1b"	"P314L"	"sample.freebayes.ann"	0	0	0	"B.1.1.7"
"ORF8"	"Q27*"	"sample.freebayes.ann"	0	0	0	"B.1.1.7"
"ORF8"	"R52I"	"sample.freebayes.ann"	0	0	0	"B.1.1.7"
"ORF8"	"Y73C"	"sample.freebayes.ann"	0	0	0	"B.1.1.7"
"S"	"del69/70"	"sample.freebayes.ann"	0	0	0	"B.1.1.7"
"S"	"del144/145"	"sample.freebayes.ann"	0	0	0	"B.1.1.7"
"S"	"A570D"	"sample.freebayes.ann"	0	0	0	"B.1.1.7"
"S"	"P681H"	"sample.freebayes.ann"	0	0	0	"B.1.1.7"
"S"	"T716I"	"sample.freebayes.ann"	0	0	0	"B.1.1.7"
"S"	"S982A"	"sample.freebayes.ann"	0	0	0	"B.1.1.7"
"S"	"D1118H"	"sample.freebayes.ann"	0	0	0	"B.1.1.7"
"N"	"RG203KR"	"sample.freebayes.ann"	3	3	1	"B.1.1.7+S_E484K"
"S"	"N501Y"	"sample.freebayes.ann"	3	3	1	"B.1.1.7+S_E484K"
"S"	"D614G"	"sample.freebayes.ann"	4	4	1	"B.1.1.7+S_E484K"
"N"	"D3L"	"sample.freebayes.ann"	0	0	0	"B.1.1.7+S_E484K"
"N"	"S235F"	"sample.freebayes.ann"	0	0	0	"B.1.1.7+S_E484K"
"ORF1a"	"T1001I"	"sample.freebayes.ann"	0	0	0	"B.1.1.7+S_E484K"
"ORF1a"	"A1708D"	"sample.freebayes.ann"	0	0	0	"B.1.1.7+S_E484K"
"ORF1a"	"I2230T"	"sample.freebayes.ann"	0	0	0	"B.1.1.7+S_E484K"
"ORF1a"	"S3675K"	"sample.freebayes.ann"	0	0	0	"B.1.1.7+S_E484K"
"ORF1a"	"del3676/3678"	"sample.freebayes.ann"	0	0	0	"B.1.1.7+S_E484K"
"ORF1b"	"P314L"	"sample.freebayes.ann"	0	0	0	"B.1.1.7+S_E484K"
"ORF8"	"Q27*"	"sample.freebayes.ann"	0	0	0	"B.1.1.7+S_E484K"
"ORF8"	"R52I"	"sample.freebayes.ann"	0	0	0	"B.1.1.7+S_E484K"
"ORF8"	"Y73C"	"sample.freebayes.ann"	0	0	0	"B.1.1.7+S_E484K"
"S"	"del69/70"	"sample.freebayes.ann"	0	0	0	"B.1.1.7+S_E484K"
"S"	"del144/145"	"sample.freebayes.ann"	0	0	0	"B.1.1.7+S_E484K"
"S"	"A570D"	"sample.freebayes.ann"	0	0	0	"B.1.1.7+S_E484K"
"S"	"P681H"	"sample.freebayes.ann"	0	0	0	"B.1.1.7+S_E484K"
"S"	"T716I"	"sample.freebayes.ann"	0	0	0	"B.1.1.7+S_E484K"
"S"	"S982A"	"sample.freebayes.ann"	0	0	0	"B.1.1.7+S_E484K"
"S"	"D1118H"	"sample.freebayes.ann"	0	0	0	"B.1.1.7+S_E484K"
"S"	"E484K"	"sample.freebayes.ann"	0	0	0	"B.1.1.7+S_E484K"
"S"	"K417N"	"sample.freebayes.ann"	8	8	1	"B.1.351.2"
"S"	"N501Y"	"sample.freebayes.ann"	3	3	1	"B.1.351.2"
"S"	"D614G"	"sample.freebayes.ann"	4	4	1	"B.1.351.2"
"E"	"P71L"	"sample.freebayes.ann"	0	0	0	"B.1.351.2"
"N"	"T205I"	"sample.freebayes.ann"	0	0	0	"B.1.351.2"
"ORF1a"	"T265I"	"sample.freebayes.ann"	0	0	0	"B.1.351.2"
"ORF1a"	"K1655N"	"sample.freebayes.ann"	0	0	0	"B.1.351.2"
"ORF1a"	"N2596S"	"sample.freebayes.ann"	0	0	0	"B.1.351.2"
"ORF1a"	"K3353R"	"sample.freebayes.ann"	0	0	0	"B.1.351.2"
"ORF1a"	"A3456V"	"sample.freebayes.ann"	0	0	0	"B.1.351.2"
"ORF1a"	"S3675K"	"sample.freebayes.ann"	0	0	0	"B.1.351.2"
"ORF1a"	"del3676/3678"	"sample.freebayes.ann"	0	0	0	"B.1.351.2"
"ORF1b"	"P314L"	"sample.freebayes.ann"	0	0	0	"B.1.351.2"
"ORF3a"	"Q57H"	"sample.freebayes.ann"	0	0	0	"B.1.351.2"
"ORF3a"	"S171L"	"sample.freebayes.ann"	0	0	0	"B.1.351.2"
"S"	"L18F"	"sample.freebayes.ann"	0	0	0	"B.1.351.2"
"S"	"D80A"	"sample.freebayes.ann"	0	0	0	"B.1.351.2"
"S"	"D215G"	"sample.freebayes.ann"	0	0	0	"B.1.351.2"
"S"	"del241/243"	"sample.freebayes.ann"	0	0	0	"B.1.351.2"
"S"	"E484K"	"sample.freebayes.ann"	0	0	0	"B.1.351.2"
"S"	"A701V"	"sample.freebayes.ann"	0	0	0	"B.1.351.2"
"ORF1a"	"P2046L"	"sample.freebayes.ann"	12	12	1	"B.1.351.3"
"S"	"K417N"	"sample.freebayes.ann"	8	8	1	"B.1.351.3"
"S"	"N501Y"	"sample.freebayes.ann"	3	3	1	"B.1.351.3"
"S"	"D614G"	"sample.freebayes.ann"	4	4	1	"B.1.351.3"
"E"	"P71L"	"sample.freebayes.ann"	0	0	0	"B.1.351.3"
"N"	"T205I"	"sample.freebayes.ann"	0	0	0	"B.1.351.3"
"ORF1a"	"T265I"	"sample.freebayes.ann"	0	0	0	"B.1.351.3"
"ORF1a"	"K1655N"	"sample.freebayes.ann"	0	0	0	"B.1.351.3"
"ORF1a"	"N2596S"	"sample.freebayes.ann"	0	0	0	"B.1.351.3"
"ORF1a"	"K3353R"	"sample.freebayes.ann"	0	0	0	"B.1.351.3"
"ORF1a"	"S3675K"	"sample.freebayes.ann"	0	0	0	"B.1.351.3"
"ORF1a"	"del3676/3678"	"sample.freebayes.ann"	0	0	0	"B.1.351.3"
"ORF1b"	"P314L"	"sample.freebayes.ann"	0	0	0	"B.1.351.3"
"ORF1b"	"I1074V"	"sample.freebayes.ann"	0	0	0	"B.1.351.3"
"ORF3a"	"Q57H"	"sample.freebayes.ann"	0	0	0	"B.1.351.3"
"ORF3a"	"S171L"	"sample.freebayes.ann"	0	0	0	"B.1.351.3"
"S"	"L18F"	"sample.freebayes.ann"	0	0	0	"B.1.351.3"
"S"	"D80A"	"sample.freebayes.ann"	0	0	0	"B.1.351.3"
"S"	"D215G"	"sample.freebayes.ann"	0	0	0	"B.1.351.3"
"S"	"del241/243"	"sample.freebayes.ann"	0	0	0	"B.1.351.3"
"S"	"E484K"	"sample.freebayes.ann"	0	0	0	"B.1.351.3"
"S"	"A701V"	"sample.freebayes.ann"	0	0	0	"B.1.351.3"
"S"	"K417N"	"sample.freebayes.ann"	8	8	1	"B.1.351"
"S"	"N501Y"	"sample.freebayes.ann"	3	3	1	"B.1.351"
"S"	"D614G"	"sample.freebayes.ann"	4	4	1	"B.1.351"
"E"	"P71L"	"sample.freebayes.ann"	0	0	0	"B.1.351"
"N"	"T205I"	"sample.freebayes.ann"	0	0	0	"B.1.351"
"ORF1a"	"T265I"	"sample.freebayes.ann"	0	0	0	"B.1.351"
"ORF1a"	"K1655N"	"sample.freebayes.ann"	0	0	0	"B.1.351"
"ORF1a"	"K3353R"	"sample.freebayes.ann"	0	0	0	"B.1.351"
"ORF1a"	"S3675K"	"sample.freebayes.ann"	0	0	0	"B.1.351"
"ORF1a"	"del3676/3678"	"sample.freebayes.ann"	0	0	0	"B.1.351"
"ORF1b"	"P314L"	"sample.freebayes.ann"	0	0	0	"B.1.351"
"ORF3a"	"Q57H"	"sample.freebayes.ann"	0	0	0	"B.1.351"
"ORF3a"	"S171L"	"sample.freebayes.ann"	0	0	0	"B.1.351"
"S"	"D80A"	"sample.freebayes.ann"	0	0	0	"B.1.351"
"S"	"D215G"	"sample.freebayes.ann"	0	0	0	"B.1.351"
"S"	"del241/243"	"sample.freebayes.ann"	0	0	0	"B.1.351"
"S"	"E484K"	"sample.freebayes.ann"	0	0	0	"B.1.351"
"S"	"A701V"	"sample.freebayes.ann"	0	0	0	"B.1.351"
"S"	"T19R"	"sample.freebayes.ann"	6	6	1	"B.1.617.2"
"S"	"G142D"	"sample.freebayes.ann"	6	6	1	"B.1.617.2"
"S"	"ST477NK"	"sample.freebayes.ann"	13	13	1	"B.1.617.2"
"S"	"D614G"	"sample.freebayes.ann"	4	4	1	"B.1.617.2"
"M"	"I82T"	"sample.freebayes.ann"	0	0	0	"B.1.617.2"
"N"	"D63G"	"sample.freebayes.ann"	0	0	0	"B.1.617.2"
"N"	"R203M"	"sample.freebayes.ann"	0	0	0	"B.1.617.2"
"N"	"D377Y"	"sample.freebayes.ann"	0	0	0	"B.1.617.2"
"ORF1b"	"P314L"	"sample.freebayes.ann"	0	0	0	"B.1.617.2"
"ORF1b"	"G662S"	"sample.freebayes.ann"	0	0	0	"B.1.617.2"
"ORF1b"	"P1000L"	"sample.freebayes.ann"	0	0	0	"B.1.617.2"
"ORF3a"	"S26L"	"sample.freebayes.ann"	0	0	0	"B.1.617.2"
"ORF7a"	"V82A"	"sample.freebayes.ann"	0	0	0	"B.1.617.2"
"ORF7a"	"T120I"	"sample.freebayes.ann"	0	0	0	"B.1.617.2"
"ORF8"	"D119I"	"sample.freebayes.ann"	0	0	0	"B.1.617.2"
"ORF8"	"del120/121"	"sample.freebayes.ann"	0	0	0	"B.1.617.2"
"S"	"E156G"	"sample.freebayes.ann"	0	0	0	"B.1.617.2"
"S"	"del157/158"	"sample.freebayes.ann"	0	0	0	"B.1.617.2"
"S"	"L452R"	"sample.freebayes.ann"	0	0	0	"B.1.617.2"
"S"	"P681R"	"sample.freebayes.ann"	0	0	0	"B.1.617.2"
"S"	"D950N"	"sample.freebayes.ann"	0	0	0	"B.1.617.2"
"S"	"N501Y"	"sample.freebayes.ann"	3	3	1	"P.1.1"
"S"	"D614G"	"sample.freebayes.ann"	4	4	1	"P.1.1"
"S"	"H655Y"	"sample.freebayes.ann"	2	2	1	"P.1.1"
"N"	"P80R"	"sample.freebayes.ann"	0	0	0	"P.1.1"
"ORF1a"	"S1188L"	"sample.freebayes.ann"	0	0	0	"P.1.1"
"ORF1a"	"K1795Q"	"sample.freebayes.ann"	0	0	0	"P.1.1"
"ORF1a"	"S3675K"	"sample.freebayes.ann"	0	0	0	"P.1.1"
"ORF1a"	"del3676/3678"	"sample.freebayes.ann"	0	0	0	"P.1.1"
"ORF1b"	"P314L"	"sample.freebayes.ann"	0	0	0	"P.1.1"
"ORF1b"	"E1264D"	"sample.freebayes.ann"	0	0	0	"P.1.1"
"ORF3a"	"S253P"	"sample.freebayes.ann"	0	0	0	"P.1.1"
"ORF8"	"E92K"	"sample.freebayes.ann"	0	0	0	"P.1.1"
"S"	"L18F"	"sample.freebayes.ann"	0	0	0	"P.1.1"
"S"	"T20N"	"sample.freebayes.ann"	0	0	0	"P.1.1"
"S"	"P26S"	"sample.freebayes.ann"	0	0	0	"P.1.1"
"S"	"D138Y"	"sample.freebayes.ann"	0	0	0	"P.1.1"
"S"	"R190S"	"sample.freebayes.ann"	0	0	0	"P.1.1"
"S"	"K417T"	"sample.freebayes.ann"	0	0	0	"P.1.1"
"S"	"E484K"	"sample.freebayes.ann"	0	0	0	"P.1.1"
"S"	"T1027I"	"sample.freebayes.ann"	0	0	0	"P.1.1"
"S"	"V1176F"	"sample.freebayes.ann"	0	0	0	"P.1.1"
"N"	"RG203KR"	"sample.freebayes.ann"	3	3	1	"P.1.2"
"S"	"N501Y"	"sample.freebayes.ann"	3	3	1	"P.1.2"
"S"	"D614G"	"sample.freebayes.ann"	4	4	1	"P.1.2"
"S"	"H655Y"	"sample.freebayes.ann"	2	2	1	"P.1.2"
"N"	"P80R"	"sample.freebayes.ann"	0	0	0	"P.1.2"
"ORF1a"	"S1188L"	"sample.freebayes.ann"	0	0	0	"P.1.2"
"ORF1a"	"K1795Q"	"sample.freebayes.ann"	0	0	0	"P.1.2"
"ORF1a"	"S3675K"	"sample.freebayes.ann"	0	0	0	"P.1.2"
"ORF1a"	"del3676/3678"	"sample.freebayes.ann"	0	0	0	"P.1.2"
"ORF1b"	"P314L"	"sample.freebayes.ann"	0	0	0	"P.1.2"
"ORF1b"	"E1264D"	"sample.freebayes.ann"	0	0	0	"P.1.2"
"ORF3a"	"S253P"	"sample.freebayes.ann"	0	0	0	"P.1.2"
"ORF8"	"E92K"	"sample.freebayes.ann"	0	0	0	"P.1.2"
"S"	"L18F"	"sample.freebayes.ann"	0	0	0	"P.1.2"
"S"	"T20N"	"sample.freebayes.ann"	0	0	0	"P.1.2"
"S"	"P26S"	"sample.freebayes.ann"	0	0	0	"P.1.2"
"S"	"D138Y"	"sample.freebayes.ann"	0	0	0	"P.1.2"
"S"	"R190S"	"sample.freebayes.ann"	0	0	0	"P.1.2"
"S"	"K417T"	"sample.freebayes.ann"	0	0	0	"P.1.2"
"S"	"E484K"	"sample.freebayes.ann"	0	0	0	"P.1.2"
"S"	"T1027I"	"sample.freebayes.ann"	0	0	0	"P.1.2"
"S"	"V1176F"	"sample.freebayes.ann"	0	0	0	"P.1.2"
"N"	"RG203KR"	"sample.freebayes.ann"	3	3	1	"P.1"
"S"	"N501Y"	"sample.freebayes.ann"	3	3	1	"P.1"
"S"	"D614G"	"sample.freebayes.ann"	4	4	1	"P.1"
"S"	"H655Y"	"sample.freebayes.ann"	2	2	1	"P.1"
"N"	"P80R"	"sample.freebayes.ann"	0	0	0	"P.1"
"ORF1a"	"S1188L"	"sample.freebayes.ann"	0	0	0	"P.1"
"ORF1a"	"K1795Q"	"sample.freebayes.ann"	0	0	0	"P.1"
"ORF1a"	"S3675K"	"sample.freebayes.ann"	0	0	0	"P.1"
"ORF1a"	"del3676/3678"	"sample.freebayes.ann"	0	0	0	"P.1"
"ORF1b"	"P314L"	"sample.freebayes.ann"	0	0	0	"P.1"
"ORF1b"	"E1264D"	"sample.freebayes.ann"	0	0	0	"P.1"
"ORF3a"	"S253P"	"sample.freebayes.ann"	0	0	0	"P.1"
"ORF8"	"E92K"	"sample.freebayes.ann"	0	0	0	"P.1"
"S"	"L18F"	"sample.freebayes.ann"	0	0	0	"P.1"
"S"	"T20N"	"sample.freebayes.ann"	0	0	0	"P.1"
"S"	"P26S"	"sample.freebayes.ann"	0	0	0	"P.1"
"S"	"D138Y"	"sample.freebayes.ann"	0	0	0	"P.1"
"S"	"R190S"	"sample.freebayes.ann"	0	0	0	"P.1"
"S"	"K417T"	"sample.freebayes.ann"	0	0	0	"P.1"
"S"	"E484K"	"sample.freebayes.ann"	0	0	0	"P.1"
"S"	"T1027I"	"sample.freebayes.ann"	0	0	0	"P.1"
"S"	"V1176F"	"sample.freebayes.ann"	0	0	0	"P.1"
